{
  "sparsity": 0.1,
  "actual_group_sparsity": 0.099978383052286,
  "seed": 42,
  "epochs": 10,
  "batch_size": 4,
  "lr": 3e-05,
  "lr_quant": 0.0001,
  "bit_reduction": 2,
  "pruning_periods": 6,
  "projection_periods": 6,
  "best_f1": 85.92731768217364,
  "best_epoch": 1,
  "compressed_em": 66.71712393566698,
  "compressed_f1": 77.16772262179573,
  "bops_million": 1696683.4927475082,
  "params_million": 103.206724
}