{
  "sparsity": 0.1,
  "actual_group_sparsity": 0.099978383052286,
  "seed": 42,
  "epochs": 10,
  "batch_size": 4,
  "lr": 3e-05,
  "lr_quant": 0.0001,
  "bit_reduction": 2,
  "pruning_periods": 6,
  "projection_periods": 6,
  "best_f1": 6.911886357712847,
  "best_epoch": 8,
  "compressed_em": 0.17975402081362346,
  "compressed_f1": 4.482521835133637,
  "bops_million": 1036715.1652790605,
  "params_million": 103.206724
}