{
  "sparsity": 0.5,
  "actual_group_sparsity": 0.49999999999986494,
  "seed": 42,
  "epochs": 10,
  "batch_size": 4,
  "lr": 3e-05,
  "lr_quant": 0.0001,
  "bit_reduction": 2,
  "pruning_periods": 6,
  "projection_periods": 6,
  "best_f1": 85.51116932131453,
  "best_epoch": 1,
  "compressed_em": 65.12771996215704,
  "compressed_f1": 76.2635632001112,
  "bops_million": 1124641.2304990864,
  "params_million": 80.452976
}