{
  "sparsity": 0.3,
  "actual_group_sparsity": 0.29998919152607545,
  "seed": 42,
  "epochs": 10,
  "batch_size": 4,
  "lr": 3e-05,
  "lr_quant": 0.0001,
  "bit_reduction": 2,
  "pruning_periods": 6,
  "projection_periods": 6,
  "best_f1": 85.51116932131453,
  "best_epoch": 1,
  "compressed_em": 66.04541154210028,
  "compressed_f1": 77.2400585689803,
  "bops_million": 1382239.923723435,
  "params_million": 91.82985
}