{
  "sparsity": 0.3,
  "actual_group_sparsity": 0.29998919152607545,
  "seed": 42,
  "epochs": 10,
  "batch_size": 4,
  "lr": 3e-05,
  "lr_quant": 0.0001,
  "bit_reduction": 2,
  "pruning_periods": 6,
  "projection_periods": 6,
  "best_f1": 6.336065782369028,
  "best_epoch": 9,
  "compressed_em": 0.1892147587511826,
  "compressed_f1": 4.627371684081143,
  "bops_million": 835095.4966870924,
  "params_million": 91.82985
}